unix,date,symbol,open,high,low,close,Volume BTC,Volume USD
1643013720,1/24/2022 8:42,BTC/USD,35160.51,35163.51,35137.65,35145.29,0.06387812,2245.015052
1643013660,1/24/2022 8:41,BTC/USD,35193.11,35193.11,35150.71,35163.21,0.46863362,16478.66239
1643013600,1/24/2022 8:40,BTC/USD,35186.24,35193.1,35163.05,35193.1,0.306586,10789.71176
1643013540,1/24/2022 8:39,BTC/USD,35172.81,35174.99,35156.58,35156.58,4.65583365,163683.1882
1643013480,1/24/2022 8:38,BTC/USD,35162.21,35168.31,35160.1,35168.11,0.19135706,6729.666135
1643013420,1/24/2022 8:37,BTC/USD,35213.18,35214.32,35166.11,35170.84,0.46242265,16263.79304
1643013360,1/24/2022 8:36,BTC/USD,35209.32,35212.13,35190.49,35190.49,1.33925951,47129.19839
1643013300,1/24/2022 8:35,BTC/USD,35171.3,35212.22,35171.3,35205.42,0.52654494,18537.23576
1643013240,1/24/2022 8:34,BTC/USD,35180.17,35180.17,35150.74,35164.51,0.13164,4629.056096
1643013180,1/24/2022 8:33,BTC/USD,35207.09,35207.09,35178.76,35180.19,2.40994279,84782.24524
1643013120,1/24/2022 8:32,BTC/USD,35201.42,35219.21,35193.1,35193.1,0.15039895,5293.005287
1643013060,1/24/2022 8:31,BTC/USD,35203.9,35203.9,35172.75,35197.14,0.13999496,4927.422206
1643013000,1/24/2022 8:30,BTC/USD,35125.15,35198.71,35110.73,35198.71,0.92680983,32622.51043
1643012940,1/24/2022 8:29,BTC/USD,35116,35144.58,35092.42,35125.75,0.88809365,31194.95553
1643012880,1/24/2022 8:28,BTC/USD,35087.73,35116.48,35086.33,35107.74,2.70359228,94917.01483
1643012820,1/24/2022 8:27,BTC/USD,35042.09,35090.15,35042.09,35072.49,0.33116664,11614.83867
1643012760,1/24/2022 8:26,BTC/USD,35068.83,35068.83,35006.92,35058.98,3.72683123,130658.9016
1643012700,1/24/2022 8:25,BTC/USD,35089.1,35105.97,35068.27,35068.27,0.6891442,24167.09487
1643012640,1/24/2022 8:24,BTC/USD,35124.3,35124.3,35087.8,35093.7,1.70899191,59974.84939
1643012580,1/24/2022 8:23,BTC/USD,35124.3,35137.43,35121.64,35137.43,0.17397991,6113.206909
1643012520,1/24/2022 8:22,BTC/USD,35088.32,35123.9,35078.79,35123.9,0.44013183,15459.14638
1643012460,1/24/2022 8:21,BTC/USD,35085.09,35113.98,35085.09,35085.19,1.09357473,38368.27718
1643012400,1/24/2022 8:20,BTC/USD,35109.3,35125.3,35078.57,35085.09,0.94978537,33323.30519
1643012340,1/24/2022 8:19,BTC/USD,35111.4,35126.59,35098.62,35122.58,1.55501307,54616.07095
1643012280,1/24/2022 8:18,BTC/USD,35124.7,35124.7,35102.98,35102.98,0.00428522,150.423992
1643012220,1/24/2022 8:17,BTC/USD,35139.13,35158.75,35124.61,35124.61,0.30582077,10741.83528
1643012160,1/24/2022 8:16,BTC/USD,35081.29,35102.05,35081.29,35100.8,3.7776753,132599.4252
1643012100,1/24/2022 8:15,BTC/USD,35018.36,35096.1,35011.94,35088.96,0.66097273,23192.84568
1643012040,1/24/2022 8:14,BTC/USD,35022.79,35022.79,35017.91,35020.94,0.2293,8030.301542
1643011980,1/24/2022 8:13,BTC/USD,34999.37,35023.03,34967.85,35023.03,2.83542777,99305.27185
1643011920,1/24/2022 8:12,BTC/USD,35000.36,35000.36,34985.37,34985.37,0.2180798,7629.602493
1643011860,1/24/2022 8:11,BTC/USD,34994.98,35003.38,34967.85,34996.78,0.69168089,24206.60394
1643011800,1/24/2022 8:10,BTC/USD,34958.46,34978.07,34948.77,34978.07,0.11342825,3967.501268
1643011740,1/24/2022 8:09,BTC/USD,34944.12,34960.04,34929.89,34960.04,1.48650084,51968.12883
1643011680,1/24/2022 8:08,BTC/USD,34970,35003.99,34956.79,34962.78,6.29276042,220012.3982
1643011620,1/24/2022 8:07,BTC/USD,35021.54,35021.54,34982.37,35014.39,0.43215,15131.46864
1643011560,1/24/2022 8:06,BTC/USD,34962.83,34988.71,34959.99,34967.08,1.34207171,46928.32885
1643011500,1/24/2022 8:05,BTC/USD,34939.21,34962.83,34937.64,34962.83,0.2235345,7815.398723
1643011440,1/24/2022 8:04,BTC/USD,34945.96,34945.96,34894.56,34894.56,0.08481228,2959.487193
1643011380,1/24/2022 8:03,BTC/USD,34928.35,34928.35,34889.7,34899.76,1.19979572,41872.58268
1643011320,1/24/2022 8:02,BTC/USD,34946.15,35000.09,34946.15,34949.21,1.43230663,50057.9852
1643011260,1/24/2022 8:01,BTC/USD,34862.71,34938.18,34852.33,34937.04,13.30744433,464922.7149
1643011200,1/24/2022 8:00,BTC/USD,34909.14,34930.11,34896.33,34896.33,1.01854383,35543.44161
1643011140,1/24/2022 7:59,BTC/USD,34892.85,34907.66,34865.35,34889.71,0.59969968,20923.34792
1643011080,1/24/2022 7:58,BTC/USD,34867.75,34892.67,34842.26,34892.66,0.99442962,34698.29462
1643011020,1/24/2022 7:57,BTC/USD,34837.43,34892.64,34837.43,34869.66,0.24454265,8527.119061
1643010960,1/24/2022 7:56,BTC/USD,34939.03,34944.71,34820.04,34848.15,21.89448012,762982.1274
1643010900,1/24/2022 7:55,BTC/USD,34971.87,34971.87,34918.63,34939.03,3.89747547,136174.0124
1643010840,1/24/2022 7:54,BTC/USD,34992.76,35001.02,34981.95,34981.97,0.76023649,26594.57009
1643010780,1/24/2022 7:53,BTC/USD,35005.97,35005.97,34941.42,34987.05,2.69704841,94361.76757
1643010720,1/24/2022 7:52,BTC/USD,34995.16,34995.16,34942.32,34953.9,12.8590731,449474.7552
1643010660,1/24/2022 7:51,BTC/USD,35016.98,35016.98,34989.56,34991.07,3.96750208,138827.143
1643010600,1/24/2022 7:50,BTC/USD,35060.88,35060.88,35015.86,35046.79,1.13887242,39913.82254
1643010540,1/24/2022 7:49,BTC/USD,35061.34,35061.34,35015.88,35015.88,1.13536223,39755.7076
1643010480,1/24/2022 7:48,BTC/USD,35041.89,35057.34,35013.81,35057.34,0.9816999,34415.78717
1643010420,1/24/2022 7:47,BTC/USD,35052.36,35060.29,35052.36,35060.29,0.01533,537.4742457
1643010360,1/24/2022 7:46,BTC/USD,34985.9,35041.19,34985.9,35041.19,0.58323,20437.07324
1643010300,1/24/2022 7:45,BTC/USD,35018.95,35026.31,34987.02,34987.02,1.69063567,59150.304
1643010240,1/24/2022 7:44,BTC/USD,35057.66,35091.94,35000,35014.38,7.76053912,271730.4658
1643010180,1/24/2022 7:43,BTC/USD,35089.9,35100.62,35053,35053,1.76756196,61958.34938
1643010120,1/24/2022 7:42,BTC/USD,35167.66,35167.66,35058.4,35058.4,0.87308644,30609.01365
1643010060,1/24/2022 7:41,BTC/USD,35202.7,35221.88,35178.28,35178.29,1.61290277,56739.16138
1643010000,1/24/2022 7:40,BTC/USD,35226.84,35226.84,35204.16,35204.16,0.18334933,6454.659149
1643009940,1/24/2022 7:39,BTC/USD,35265.05,35265.05,35215,35215,0.5643326,19872.97251
1643009880,1/24/2022 7:38,BTC/USD,35267.43,35267.43,35267.43,35267.43,0.00505,178.1005215
1643009820,1/24/2022 7:37,BTC/USD,35231.02,35262.8,35231.02,35262.8,0.33697819,11882.79452
1643009760,1/24/2022 7:36,BTC/USD,35232.71,35232.71,35232.59,35232.59,0.07904,2784.783914
1643009700,1/24/2022 7:35,BTC/USD,35244.12,35245.91,35227.68,35245.91,0.28039075,9882.627139
1643009640,1/24/2022 7:34,BTC/USD,35249.16,35249.32,35247.62,35247.62,0.13054415,4601.370592
1643009580,1/24/2022 7:33,BTC/USD,35260.12,35260.12,35250,35250,0.0598,2107.95
1643009520,1/24/2022 7:32,BTC/USD,35281.82,35300.08,35281.82,35300.08,0.04216925,1488.577899
1643009460,1/24/2022 7:31,BTC/USD,35265.02,35276.23,35243.2,35276.23,0.2949397,10404.36069
1643009400,1/24/2022 7:30,BTC/USD,35259.36,35259.36,35238.53,35258.22,0.118356,4173.021886
1643009340,1/24/2022 7:29,BTC/USD,35287.23,35287.23,35261.42,35263.7,0.3333164,11753.96953
1643009280,1/24/2022 7:28,BTC/USD,35283.2,35301.82,35266.63,35266.63,0.09315585,3285.292894
1643009220,1/24/2022 7:27,BTC/USD,35284.58,35284.58,35284.58,35284.58,0.00354687,125.1498183
1643009160,1/24/2022 7:26,BTC/USD,35318.24,35325.54,35299.67,35308.23,0.10743976,3793.507757
1643009100,1/24/2022 7:25,BTC/USD,35285.35,35302.2,35271.43,35302.2,0.21766392,7684.015237
1643009040,1/24/2022 7:24,BTC/USD,35306.32,35306.32,35285.44,35285.44,0.11193957,3949.836981
1643008980,1/24/2022 7:23,BTC/USD,35263.23,35294.56,35263.23,35294.56,0.672215,23725.53265
1643008920,1/24/2022 7:22,BTC/USD,35233.61,35240.06,35231.05,35231.2,3.1440862,110769.9297
1643008860,1/24/2022 7:21,BTC/USD,35236.01,35236.01,35215.4,35233.1,0.12765,4497.505215
1643008800,1/24/2022 7:20,BTC/USD,35207.86,35240.83,35207.86,35236.31,0.3391,11948.63272
1643008740,1/24/2022 7:19,BTC/USD,35202.81,35216.44,35202.81,35209.1,0.07644008,2691.386421
1643008680,1/24/2022 7:18,BTC/USD,35229.14,35229.14,35202.8,35202.8,0.05462,1922.776936
1643008620,1/24/2022 7:17,BTC/USD,35174.92,35220.27,35157.57,35220.27,2.04939778,72180.34315
1643008560,1/24/2022 7:16,BTC/USD,35218.02,35218.02,35193.81,35193.81,0.14260175,5018.698895
1643008500,1/24/2022 7:15,BTC/USD,35158.51,35224.7,35158.51,35224.7,1.10803612,39030.23992
1643008440,1/24/2022 7:14,BTC/USD,35163.21,35164.8,35136.25,35146.91,1.79098305,62947.52007
1643008380,1/24/2022 7:13,BTC/USD,35158,35180.33,35154.99,35168.17,0.3620514,12732.68518
1643008320,1/24/2022 7:12,BTC/USD,35169.44,35186.31,35146.79,35148.29,1.07849999,37907.43041
1643008260,1/24/2022 7:11,BTC/USD,35200.71,35214.19,35188.88,35200,0.36583701,12877.46275
1643008200,1/24/2022 7:10,BTC/USD,35203.42,35220.82,35190.2,35200.71,3.59378966,126503.9476
1643008140,1/24/2022 7:09,BTC/USD,35202.37,35220.11,35193.79,35220.11,3.01273402,106108.8236
1643008080,1/24/2022 7:08,BTC/USD,35238.8,35238.8,35202.14,35202.14,0.43345957,15258.70447
1643008020,1/24/2022 7:07,BTC/USD,35202.12,35232.32,35199.42,35231.22,2.54852632,89787.69146
1643007960,1/24/2022 7:06,BTC/USD,35236.22,35253.78,35214.5,35214.5,1.31531,46317.984
1643007900,1/24/2022 7:05,BTC/USD,35168.77,35236.22,35168.77,35236.22,1.4877882,52424.03233
1643007840,1/24/2022 7:04,BTC/USD,35169.44,35169.44,35153.01,35168.77,0.01206523,424.3192989
1643007780,1/24/2022 7:03,BTC/USD,35191.21,35191.21,35150,35161.77,0.3958701,13919.49341
1643007720,1/24/2022 7:02,BTC/USD,35184.4,35200.3,35184.4,35191.21,0.17619948,6200.672903
1643007660,1/24/2022 7:01,BTC/USD,35243.34,35243.34,35179.03,35182.31,0.54647033,19226.08856
1643007600,1/24/2022 7:00,BTC/USD,35269.93,35272.61,35249.46,35249.46,0.22245685,7841.483836
1643007540,1/24/2022 6:59,BTC/USD,35302.93,35303.94,35285.78,35288.06,0.19331,6821.534879
1643007480,1/24/2022 6:58,BTC/USD,35304.24,35323.34,35304.24,35318.24,0.51433617,18165.44829
1643007420,1/24/2022 6:57,BTC/USD,35284.44,35284.45,35269.87,35276.03,0.3312218,11684.19015
1643007360,1/24/2022 6:56,BTC/USD,35288.33,35307.78,35273.85,35280.87,0.82210079,29004.4311
1643007300,1/24/2022 6:55,BTC/USD,35287.1,35287.1,35287.1,35287.1,0.00068,23.995228
1643007240,1/24/2022 6:54,BTC/USD,35279.87,35283.44,35261.25,35279,0.06466288,2281.241744
1643007180,1/24/2022 6:53,BTC/USD,35292.53,35296.53,35289.19,35290.93,0.23663,8350.892766
1643007120,1/24/2022 6:52,BTC/USD,35300,35312.06,35289.95,35297.12,11.11443837,392307.6649
1643007060,1/24/2022 6:51,BTC/USD,35274.65,35308.34,35274.25,35300,1.74077441,61449.33667
1643007000,1/24/2022 6:50,BTC/USD,35296.43,35296.43,35278,35278,0.04022,1418.88116
1643006940,1/24/2022 6:49,BTC/USD,35311.24,35311.24,35303.81,35303.94,0.66486264,23472.27075
1643006880,1/24/2022 6:48,BTC/USD,35303.13,35303.13,35303.13,35303.13,0.01023,361.1510199
1643006820,1/24/2022 6:47,BTC/USD,35314.76,35314.76,35295.8,35295.8,0.0974685,3440.228682
1643006760,1/24/2022 6:46,BTC/USD,35329.21,35329.21,35314.76,35326.23,0.06154018,2173.982553
1643006700,1/24/2022 6:45,BTC/USD,35335.83,35335.83,35323.78,35332.15,0.0287475,1015.710982
1643006640,1/24/2022 6:44,BTC/USD,35347.54,35354.93,35347.54,35354.93,0.01733,612.7009369
1643006580,1/24/2022 6:43,BTC/USD,35305.31,35333.13,35305.31,35333.13,0.55088674,19464.5528
1643006520,1/24/2022 6:42,BTC/USD,35335.44,35344.34,35315.02,35315.02,0.04617752,1630.760042
1643006460,1/24/2022 6:41,BTC/USD,35290.47,35328.23,35290.47,35328.23,0.26074793,9211.762843
1643006400,1/24/2022 6:40,BTC/USD,35291.6,35306.44,35291.6,35306.44,0.57329,20240.82899
1643006340,1/24/2022 6:39,BTC/USD,35272.27,35272.27,35272.27,35272.27,0.5103,17999.43938
1643006280,1/24/2022 6:38,BTC/USD,35302.78,35332.29,35288.9,35288.9,0.11568,4082.219952
1643006220,1/24/2022 6:37,BTC/USD,35294.73,35300.23,35291.37,35300.23,0.42882579,15137.64902
1643006160,1/24/2022 6:36,BTC/USD,35302.78,35302.78,35274.2,35287.95,2.61840127,92398.0131
1643006100,1/24/2022 6:35,BTC/USD,35299.49,35319.17,35299.49,35300.56,8.31622288,293567.3247
1643006040,1/24/2022 6:34,BTC/USD,35319.6,35322.34,35306.34,35307.94,1.17425749,41460.613
1643005980,1/24/2022 6:33,BTC/USD,35304.06,35305.85,35291.16,35305.85,0.69736307,24620.99594
1643005920,1/24/2022 6:32,BTC/USD,35291.16,35324.64,35291.16,35324.64,0.24985007,8825.863777
1643005860,1/24/2022 6:31,BTC/USD,35346.93,35346.94,35305.26,35315.12,1.75522415,61985.95148
1643005800,1/24/2022 6:30,BTC/USD,35341.21,35373.74,35341.21,35343.06,0.33640964,11889.74609
1643005740,1/24/2022 6:29,BTC/USD,35331.22,35351.81,35323.94,35324.63,0.82302921,29073.20232
1643005680,1/24/2022 6:28,BTC/USD,35323.76,35323.76,35323.76,35323.76,0.30770642,10869.34773
1643005620,1/24/2022 6:27,BTC/USD,35347.74,35347.74,35312.03,35312.03,0.05580386,1970.547578
1643005560,1/24/2022 6:26,BTC/USD,35324.3,35353.34,35324.3,35353.34,2.166549,76594.74342
1643005500,1/24/2022 6:25,BTC/USD,35316.25,35316.25,35296.77,35305.32,0.20177,7123.554416
1643005440,1/24/2022 6:24,BTC/USD,35294.53,35294.53,35294.53,35294.53,0.01538,542.8298714
1643005380,1/24/2022 6:23,BTC/USD,35298.23,35322.94,35295.67,35316.44,0.17027999,6013.68305
1643005320,1/24/2022 6:22,BTC/USD,35317.79,35322.29,35296.53,35322.29,0.13969,4934.17069
1643005260,1/24/2022 6:21,BTC/USD,35277.29,35334.91,35271.77,35334.91,7.13776365,252212.2362
1643005200,1/24/2022 6:20,BTC/USD,35231.42,35277.33,35231.42,35277.33,0.23138136,8162.516593
1643005140,1/24/2022 6:19,BTC/USD,35235.43,35235.43,35224.11,35224.11,0.07478,2634.058946
1643005080,1/24/2022 6:18,BTC/USD,35234.18,35234.18,35223.51,35223.51,0.02111,743.5682961
1643005020,1/24/2022 6:17,BTC/USD,35260.03,35260.03,35246.79,35246.79,0.24891752,8773.543555
1643004960,1/24/2022 6:16,BTC/USD,35177.13,35244.54,35177.13,35240.12,2.11413697,74502.44052
1643004900,1/24/2022 6:15,BTC/USD,35115.52,35167.1,35115.52,35167.1,0.27425739,9644.83706
1643004840,1/24/2022 6:14,BTC/USD,35142.11,35147.71,35124.98,35145.31,3.01723702,106041.7304
1643004780,1/24/2022 6:13,BTC/USD,35123.6,35140.28,35123.6,35140.28,2.50221007,87928.36248
1643004720,1/24/2022 6:12,BTC/USD,35145.01,35145.01,35123.54,35123.54,0.01437,504.7252698
1643004660,1/24/2022 6:11,BTC/USD,35091.1,35150.59,35088.69,35150.59,1.23153276,43289.10312
1643004600,1/24/2022 6:10,BTC/USD,35110.52,35110.52,35069.44,35088.4,0.37528134,13168.02177
1643004540,1/24/2022 6:09,BTC/USD,35096.83,35112.59,35096.83,35112.59,0.34829,12229.36397
1643004480,1/24/2022 6:08,BTC/USD,35131.56,35131.56,35100.4,35100.4,0.11491833,4033.67935
1643004420,1/24/2022 6:07,BTC/USD,35149.11,35179.96,35110.2,35130.5,1.10151988,38696.94414
1643004360,1/24/2022 6:06,BTC/USD,35151.33,35151.33,35151.33,35151.33,0.06150195,2161.87534
1643004300,1/24/2022 6:05,BTC/USD,35157.51,35157.51,35146.51,35157.18,4.54944093,159945.5137
1643004240,1/24/2022 6:04,BTC/USD,35159.85,35159.91,35159.85,35159.91,0.0838,2946.400458
1643004180,1/24/2022 6:03,BTC/USD,35153.92,35155.71,35153.92,35155.71,0.00428,150.4664388
1643004120,1/24/2022 6:02,BTC/USD,35163.38,35169.52,35136.48,35156.89,1.29577608,45555.45711
1643004060,1/24/2022 6:01,BTC/USD,35215.91,35217.91,35215.91,35217.91,0.01805,635.6832755
1643004000,1/24/2022 6:00,BTC/USD,35197.31,35219.53,35197.31,35219.53,0.00853,300.4225909
1643003940,1/24/2022 5:59,BTC/USD,35230.41,35230.41,35198.51,35198.51,0.04455,1568.093621
1643003880,1/24/2022 5:58,BTC/USD,35221.77,35239.4,35221.77,35225.98,0.5675185,19991.39533
1643003820,1/24/2022 5:57,BTC/USD,35182.01,35243.28,35182.01,35243.28,0.8069042,28437.95065
1643003760,1/24/2022 5:56,BTC/USD,35138.97,35138.97,35108.85,35133.35,3.2105906,112798.8033
1643003700,1/24/2022 5:55,BTC/USD,35140.56,35140.56,35129.9,35129.9,0.01647,578.589453
1643003640,1/24/2022 5:54,BTC/USD,35130.11,35130.11,35125.5,35125.5,1.05683784,37121.95755
1643003580,1/24/2022 5:53,BTC/USD,35134.2,35152.1,35130.1,35137.31,2.77707071,97578.79443
1643003520,1/24/2022 5:52,BTC/USD,35157.01,35170.61,35134.2,35134.2,0.9762249,34298.88088
1643003460,1/24/2022 5:51,BTC/USD,35095.9,35171.51,35095.9,35171.51,3.03774933,106842.2309
1643003400,1/24/2022 5:50,BTC/USD,35088.7,35127.21,35088.7,35113.12,3.40233388,119466.5578
1643003340,1/24/2022 5:49,BTC/USD,35068.41,35068.41,35068.41,35068.41,0.0033965,119.1098546
1643003280,1/24/2022 5:48,BTC/USD,35085.8,35109.08,35076.83,35083.9,0.13913,4881.223007
1643003220,1/24/2022 5:47,BTC/USD,35060.67,35086.02,35060.67,35080.29,2.16856772,76073.9845
1643003160,1/24/2022 5:46,BTC/USD,35075.12,35079.79,35060.29,35060.29,0.28829359,10107.65687
1643003100,1/24/2022 5:45,BTC/USD,35026.18,35090.29,35017.16,35090.29,13.57635898,476398.3738
1643003040,1/24/2022 5:44,BTC/USD,35099.25,35099.5,35019.05,35042.3,22.96730008,804827.0196
1643002980,1/24/2022 5:43,BTC/USD,35102.85,35121.04,35092.2,35092.2,0.37088853,13015.29447
1643002920,1/24/2022 5:42,BTC/USD,35037.09,35072.39,35037.09,35072.39,0.02341,821.0446499
1643002860,1/24/2022 5:41,BTC/USD,35076.38,35076.38,35076.38,35076.38,0.00133,46.6515854
1643002800,1/24/2022 5:40,BTC/USD,35076.15,35076.15,35076.15,35076.15,0.01,350.7615
1643002740,1/24/2022 5:39,BTC/USD,35044.69,35062.91,35044.69,35062.91,0.39012865,13679.04574
1643002680,1/24/2022 5:38,BTC/USD,35009.58,35048.31,34990.41,35048.31,5.41319185,189723.226
1643002620,1/24/2022 5:37,BTC/USD,35008.57,35008.58,35008.57,35008.58,0.00172,60.2147576
1643002560,1/24/2022 5:36,BTC/USD,34992.58,34992.58,34981.28,34981.28,1.41651331,49551.44872
1643002500,1/24/2022 5:35,BTC/USD,35002.37,35018.79,34977.24,34977.24,2.44448288,85501.26437
1643002440,1/24/2022 5:34,BTC/USD,34987.02,34999.43,34974.42,34999.43,3.78147023,132349.3026
1643002380,1/24/2022 5:33,BTC/USD,35034.79,35034.79,35000,35000,2.68232887,93881.51045
1643002320,1/24/2022 5:32,BTC/USD,35066.89,35066.89,35053.17,35053.17,0.18997278,6659.148153
1643002260,1/24/2022 5:31,BTC/USD,35101.01,35101.01,35101.01,35101.01,0.003,105.30303
1643002200,1/24/2022 5:30,BTC/USD,35077.68,35098.61,35066.78,35066.78,0.05670138,1988.334818
1643002140,1/24/2022 5:29,BTC/USD,35069.36,35069.36,35052.17,35052.17,0.039,1367.03463
1643002080,1/24/2022 5:28,BTC/USD,35102.85,35102.85,35082.92,35082.92,0.01091714,383.0051492
1643002020,1/24/2022 5:27,BTC/USD,35108.6,35113.84,35093.79,35093.79,0.01279,448.8495741
1643001960,1/24/2022 5:26,BTC/USD,35071.14,35071.14,35066.98,35066.98,0.19658539,6893.655939
1643001900,1/24/2022 5:25,BTC/USD,35103.83,35103.83,35085.5,35085.51,0.0103,361.380753
1643001840,1/24/2022 5:24,BTC/USD,35086.48,35106.89,35086.48,35106.61,0.02477,869.5907297
1643001780,1/24/2022 5:23,BTC/USD,35074.2,35086.98,35054.27,35086.98,0.30422686,10674.40175
1643001720,1/24/2022 5:22,BTC/USD,35071.03,35071.03,35048.26,35069.41,0.30341235,10640.4921
1643001660,1/24/2022 5:21,BTC/USD,35146.67,35158.7,35094.79,35094.79,2.53114893,88830.14016
1643001600,1/24/2022 5:20,BTC/USD,35146.67,35146.67,35141.2,35141.2,0.19366551,6805.63842
1643001540,1/24/2022 5:19,BTC/USD,35171.48,35171.48,35128.56,35131.81,3.21230346,112854.0348
1643001480,1/24/2022 5:18,BTC/USD,35130,35171.57,35130,35166.32,0.07108,2499.622026
1643001420,1/24/2022 5:17,BTC/USD,35140.04,35152.26,35140.04,35152.26,0.15063,5294.984924
1643001360,1/24/2022 5:16,BTC/USD,35125.58,35158.91,35125.58,35144.46,0.72104905,25340.8795
1643001300,1/24/2022 5:15,BTC/USD,35120.44,35120.44,35120.44,35120.44,0.00459,161.2028196
1643001240,1/24/2022 5:14,BTC/USD,35087.08,35098.52,35087.08,35098.52,0.01732,607.9063664
1643001180,1/24/2022 5:13,BTC/USD,35090.89,35090.9,35065.45,35065.45,0.32924598,11545.15845
1643001120,1/24/2022 5:12,BTC/USD,35073.13,35086.65,35039.68,35086.65,0.06433584,2257.329101
1643001060,1/24/2022 5:11,BTC/USD,35082.82,35082.82,35071.98,35076.29,0.59421193,20842.74998
1643001000,1/24/2022 5:10,BTC/USD,35086.27,35087.45,35086.27,35087.45,0.00943,330.8746535
1643000940,1/24/2022 5:09,BTC/USD,35064.39,35082.09,35064.39,35073.12,0.04795223,1681.834317
1643000880,1/24/2022 5:08,BTC/USD,35037.59,35047.28,35034.49,35035.57,0.04621829,1619.284135
1643000820,1/24/2022 5:07,BTC/USD,35064.88,35064.88,35038.49,35038.49,0.03570065,1250.896868
1643000760,1/24/2022 5:06,BTC/USD,35064.89,35064.89,35064.88,35064.88,0.0152,532.986176
1643000700,1/24/2022 5:05,BTC/USD,35031.2,35057.86,35031.2,35057.86,1.00207,35130.42977
1643000640,1/24/2022 5:04,BTC/USD,35053.66,35053.69,35031.29,35031.29,1.07611688,37697.7625
1643000580,1/24/2022 5:03,BTC/USD,35085.14,35085.14,35029,35032.96,3.67295965,128674.6485
1643000520,1/24/2022 5:02,BTC/USD,35108.02,35108.02,35071.03,35082.21,3.57873518,125549.9391
1643000460,1/24/2022 5:01,BTC/USD,35087.3,35095.3,35087.3,35095.3,0.0255,894.93015
1643000400,1/24/2022 5:00,BTC/USD,35111.95,35112.5,35102.13,35112.5,0.24601,8638.026125
1643000340,1/24/2022 4:59,BTC/USD,35129,35133.6,35129,35133.6,0.01652,580.407072
1643000280,1/24/2022 4:58,BTC/USD,35118.83,35129,35105.38,35105.38,1.00522301,35288.73575
1643000220,1/24/2022 4:57,BTC/USD,35126.7,35128.5,35119.6,35128.5,0.10899,3828.655215
1643000160,1/24/2022 4:56,BTC/USD,35108.89,35108.89,35108.89,35108.89,0.009,315.98001
1643000100,1/24/2022 4:55,BTC/USD,35135.69,35145.63,35116.45,35116.45,4.82050801,169279.1285
1643000040,1/24/2022 4:54,BTC/USD,35120.5,35129.27,35090.7,35129.27,1.373008,48232.76874
1642999980,1/24/2022 4:53,BTC/USD,35124.2,35124.2,35110.54,35120.5,0.1161,4077.49005
1642999920,1/24/2022 4:52,BTC/USD,35124.5,35124.5,35106.81,35106.81,0.06556483,2301.772029
1642999860,1/24/2022 4:51,BTC/USD,35100,35116,35091.43,35100.2,0.66475236,23332.94079
1642999800,1/24/2022 4:50,BTC/USD,35134.8,35134.8,35100,35100,1.2451956,43706.36556
1642999740,1/24/2022 4:49,BTC/USD,35188.14,35198.42,35113.12,35134.1,7.16750371,251823.7921
1642999680,1/24/2022 4:48,BTC/USD,35199.01,35218.49,35199.01,35203.92,0.0528921,1862.009257
1642999620,1/24/2022 4:47,BTC/USD,35226.42,35226.42,35195.45,35195.45,0.60232749,21199.18706
1642999560,1/24/2022 4:46,BTC/USD,35256.43,35256.43,35209.23,35217.01,1.30247737,45869.35856
1642999500,1/24/2022 4:45,BTC/USD,35265.62,35271.32,35258.71,35258.71,0.37676567,13284.2715
1642999440,1/24/2022 4:44,BTC/USD,35258.5,35258.5,35255.45,35255.45,2.35276885,82947.92455
1642999380,1/24/2022 4:43,BTC/USD,35264.33,35265.61,35227.07,35258.61,1.16261174,40992.07392
1642999320,1/24/2022 4:42,BTC/USD,35262.1,35287.1,35262.1,35272.72,4.80482354,169479.1954
1642999260,1/24/2022 4:41,BTC/USD,35283.1,35283.1,35275.81,35281.33,0.00772,272.3718676
1642999200,1/24/2022 4:40,BTC/USD,35302.95,35302.98,35302.95,35302.98,0.00288,101.6725824
1642999140,1/24/2022 4:39,BTC/USD,35295.72,35307.05,35275.07,35275.07,0.47567074,16779.31865
1642999080,1/24/2022 4:38,BTC/USD,35301.17,35323.55,35299.36,35323.55,0.36345352,12838.46859
1642999020,1/24/2022 4:37,BTC/USD,35344.41,35344.41,35342.91,35342.91,0.10171,3594.727376
1642998960,1/24/2022 4:36,BTC/USD,35369.05,35376.45,35324.3,35340.79,0.16507747,5833.968201
1642998900,1/24/2022 4:35,BTC/USD,35388.58,35413.71,35388.37,35403.32,1.34740105,47702.47054
1642998840,1/24/2022 4:34,BTC/USD,35369.67,35388.65,35369.67,35374.89,0.60629396,21447.58214
1642998780,1/24/2022 4:33,BTC/USD,35368.22,35385.22,35368.22,35385.22,2.8201153,99790.40032
1642998720,1/24/2022 4:32,BTC/USD,35378.49,35395.99,35378.49,35379.65,0.0347762,1230.369784
1642998660,1/24/2022 4:31,BTC/USD,35401.02,35401.02,35390.12,35395.53,0.23265767,8235.041538
1642998600,1/24/2022 4:30,BTC/USD,35391.14,35391.14,35391.14,35391.14,0.01919,679.1559766
1642998540,1/24/2022 4:29,BTC/USD,35383.98,35409.59,35383.98,35409.59,0.8434071,29864.69961
1642998480,1/24/2022 4:28,BTC/USD,35403.78,35403.78,35382.74,35382.74,2.05085475,72564.8604
1642998420,1/24/2022 4:27,BTC/USD,35403.78,35403.78,35403.78,35403.78,0.9,31863.402
1642998360,1/24/2022 4:26,BTC/USD,35376.4,35393.05,35376.4,35389.1,0.56696873,20064.51308
1642998300,1/24/2022 4:25,BTC/USD,35396.37,35418.54,35392.27,35394.23,3.75295943,132833.1092
1642998240,1/24/2022 4:24,BTC/USD,35375.57,35376.21,35372.75,35376.21,0.08817638,3119.346136
1642998180,1/24/2022 4:23,BTC/USD,35411.54,35411.54,35382.37,35382.37,2.65781861,94039.92145
1642998120,1/24/2022 4:22,BTC/USD,35433.46,35433.46,35404.21,35415.07,3.13787121,111127.9286
1642998060,1/24/2022 4:21,BTC/USD,35432.88,35432.88,35432.88,35432.88,0.00475,168.30618
1642998000,1/24/2022 4:20,BTC/USD,35449.66,35449.66,35432.88,35432.88,0.07186,2546.206757
1642997940,1/24/2022 4:19,BTC/USD,35417.59,35417.59,35417.59,35417.59,0.19,6729.3421
1642997880,1/24/2022 4:18,BTC/USD,35382.87,35401.01,35373.63,35401.01,2.94641064,104305.9125
1642997820,1/24/2022 4:17,BTC/USD,35377.85,35377.85,35377.85,35377.85,0.19,6721.7915
1642997760,1/24/2022 4:16,BTC/USD,35362.75,35386.07,35362.75,35372.85,5.48182,193907.5966
1642997700,1/24/2022 4:15,BTC/USD,35389.58,35389.58,35361.69,35365.97,0.576963,20404.85615
1642997640,1/24/2022 4:14,BTC/USD,35365.94,35387.24,35365.94,35387.24,0.103662,3668.312073
1642997580,1/24/2022 4:13,BTC/USD,35334.1,35336.94,35334.1,35334.34,2.00399999,70810.01701
1642997520,1/24/2022 4:12,BTC/USD,35366.35,35369.35,35361.25,35369.35,0.19379,6854.226336
1642997460,1/24/2022 4:11,BTC/USD,35367.63,35367.64,35334.1,35334.1,0.89816046,31735.69151
1642997400,1/24/2022 4:10,BTC/USD,35376.13,35376.13,35360,35367.64,0.05484,1939.561378
1642997340,1/24/2022 4:09,BTC/USD,35363.22,35363.22,35359.67,35359.67,0.00356,125.8804252
1642997280,1/24/2022 4:08,BTC/USD,35377.04,35387.44,35344.06,35344.06,0.43476921,15366.50904
1642997220,1/24/2022 4:07,BTC/USD,35384.04,35397.78,35384.04,35396.01,0.02236,791.4547836
1642997160,1/24/2022 4:06,BTC/USD,35453.86,35453.86,35366.69,35366.69,2.14039321,75698.62314
1642997100,1/24/2022 4:05,BTC/USD,35468.11,35496.19,35461.52,35488.24,0.96964885,34411.1311
1642997040,1/24/2022 4:04,BTC/USD,35447.66,35469.87,35430.31,35469.87,0.49558746,17578.42278
1642996980,1/24/2022 4:03,BTC/USD,35467.08,35467.08,35438.76,35438.76,0.91118253,32291.179
1642996920,1/24/2022 4:02,BTC/USD,35465.26,35482.69,35443.22,35467.08,1.71426146,60799.84834
1642996860,1/24/2022 4:01,BTC/USD,35442.8,35459.72,35442.8,35449.96,0.41210009,14608.93171
1642996800,1/24/2022 4:00,BTC/USD,35366.56,35469.41,35366.56,35437.38,2.36727809,83890.13324
1642996740,1/24/2022 3:59,BTC/USD,35387.34,35387.34,35387.34,35387.34,0,0
1642996680,1/24/2022 3:58,BTC/USD,35369.21,35387.34,35369.21,35387.34,0.27735758,9814.946985
1642996620,1/24/2022 3:57,BTC/USD,35357.4,35380.82,35347.41,35347.41,5.98749593,211642.4735
1642996560,1/24/2022 3:56,BTC/USD,35396.86,35396.86,35370.04,35370.04,0.33655058,11903.80748
1642996500,1/24/2022 3:55,BTC/USD,35415.67,35421.66,35403.57,35421.66,1.01406,35919.68854
1642996440,1/24/2022 3:54,BTC/USD,35399.64,35408.45,35399.64,35408.45,0.02325,823.2464625
1642996380,1/24/2022 3:53,BTC/USD,35389.45,35393.75,35389.45,35393.75,0.26002433,9203.23613
1642996320,1/24/2022 3:52,BTC/USD,35369.54,35385.15,35369.54,35385.15,0.00421,148.9714815
1642996260,1/24/2022 3:51,BTC/USD,35377.85,35377.85,35363.96,35371.25,0.35276959,12477.90136
1642996200,1/24/2022 3:50,BTC/USD,35358.65,35379.35,35358.65,35377.85,0.04829,1708.396376
1642996140,1/24/2022 3:49,BTC/USD,35302.27,35338.64,35302.27,35338.64,0.333,11767.76712
1642996080,1/24/2022 3:48,BTC/USD,35333.03,35333.64,35314.4,35314.4,0.077,2719.2088
1642996020,1/24/2022 3:47,BTC/USD,35319.99,35329.22,35310.1,35310.1,0.22306,7876.270906
1642995960,1/24/2022 3:46,BTC/USD,35304.38,35306.44,35290.88,35305.54,1.75166418,61843.44977
1642995900,1/24/2022 3:45,BTC/USD,35295.86,35304.54,35295.86,35304.54,0.12291,4339.281011
1642995840,1/24/2022 3:44,BTC/USD,35268.76,35274.93,35268.76,35274.33,0.24932406,8794.739169
1642995780,1/24/2022 3:43,BTC/USD,35288.53,35290.83,35286.63,35286.63,0.01219,430.1440197
1642995720,1/24/2022 3:42,BTC/USD,35276.51,35299.41,35276.51,35288.53,3.9454528,139229.2295
1642995660,1/24/2022 3:41,BTC/USD,35279.61,35279.61,35260.21,35260.21,0.05699999,2009.831617
1642995600,1/24/2022 3:40,BTC/USD,35299.83,35299.83,35293.33,35293.33,0.05184,1829.606227
1642995540,1/24/2022 3:39,BTC/USD,35298.22,35298.22,35298.22,35298.22,0.00301,106.2476422
1642995480,1/24/2022 3:38,BTC/USD,35296.83,35302.46,35296.83,35302.46,0.90828359,32064.6451
1642995420,1/24/2022 3:37,BTC/USD,35309.13,35327.53,35296.83,35296.83,0.19066888,6730.007044
1642995360,1/24/2022 3:36,BTC/USD,35291.23,35306.19,35286.69,35291.33,0.76714489,27073.56347
1642995300,1/24/2022 3:35,BTC/USD,35293.33,35294.23,35273.19,35284,0.5952118,21001.45315
1642995240,1/24/2022 3:34,BTC/USD,35284.23,35287.32,35284.23,35287.32,0.24864503,8774.01674
1642995180,1/24/2022 3:33,BTC/USD,35250,35270.03,35250,35250.88,0.80295415,28304.84039
1642995120,1/24/2022 3:32,BTC/USD,35254.41,35271.93,35244.92,35271.33,7.34242985,258977.2662
1642995060,1/24/2022 3:31,BTC/USD,35234.02,35259.73,35227.09,35254.41,1.23543,43554.35575
1642995000,1/24/2022 3:30,BTC/USD,35231.42,35253.62,35231.42,35247.72,1.59913555,56365.88211
1642994940,1/24/2022 3:29,BTC/USD,35250.33,35257.73,35239.82,35239.82,0.06761,2382.56423
1642994880,1/24/2022 3:28,BTC/USD,35247.02,35265.93,35247.02,35265.93,0.25094478,8849.801045
1642994820,1/24/2022 3:27,BTC/USD,35254.78,35280.2,35224.1,35234.02,11.00220101,387651.7704
1642994760,1/24/2022 3:26,BTC/USD,35254.96,35278.03,35254.96,35278.03,0.12517,4415.751015
1642994700,1/24/2022 3:25,BTC/USD,35294.27,35298.51,35246.64,35250.13,0.69703536,24570.58705
1642994640,1/24/2022 3:24,BTC/USD,35301.81,35324.94,35301.81,35324.94,0.005883,207.816622
1642994580,1/24/2022 3:23,BTC/USD,35325.17,35325.17,35303.43,35303.43,0.02992,1056.278626
1642994520,1/24/2022 3:22,BTC/USD,35338.95,35360.85,35338.95,35360.85,0.00466,164.781561
1642994460,1/24/2022 3:21,BTC/USD,35338.93,35338.93,35338.92,35338.92,0.00975,344.55447
1642994400,1/24/2022 3:20,BTC/USD,35332.78,35338.14,35321.61,35338.14,0.17798404,6289.624923
1642994340,1/24/2022 3:19,BTC/USD,35338.54,35349.04,35331.64,35331.64,0.45493999,16073.77595
1642994280,1/24/2022 3:18,BTC/USD,35345.34,35345.34,35345.34,35345.34,0.00148,52.3111032
1642994220,1/24/2022 3:17,BTC/USD,35344.98,35359.12,35320.52,35342.46,2.03981471,72092.0698
1642994160,1/24/2022 3:16,BTC/USD,35320.64,35342.74,35320.64,35342.74,0.25501,9012.752127
1642994100,1/24/2022 3:15,BTC/USD,35357.24,35357.24,35319.54,35320.11,0.08835908,3120.852425
1642994040,1/24/2022 3:14,BTC/USD,35340.14,35344.04,35340.14,35344.04,0.01628,575.4009712
1642993980,1/24/2022 3:13,BTC/USD,35311.14,35327.75,35311.14,35327.75,0.04301047,1519.463132
1642993920,1/24/2022 3:12,BTC/USD,35304.14,35311.69,35304.14,35310.24,1.70277394,60125.35649
1642993860,1/24/2022 3:11,BTC/USD,35291.73,35320.38,35291.73,35313.64,3.33700845,117841.9151
1642993800,1/24/2022 3:10,BTC/USD,35310.67,35321.37,35289.34,35289.34,0.02477,874.1169518
1642993740,1/24/2022 3:09,BTC/USD,35310.74,35316.12,35282.31,35295.35,0.18847336,6652.233207
1642993680,1/24/2022 3:08,BTC/USD,35322.7,35324.54,35321.44,35324.54,0.50672,17899.65091
1642993620,1/24/2022 3:07,BTC/USD,35297.73,35324.54,35297.73,35324.54,0.07329,2588.935537
1642993560,1/24/2022 3:06,BTC/USD,35304.54,35323.74,35304.35,35319.13,0.07524,2657.411341
1642993500,1/24/2022 3:05,BTC/USD,35285.67,35311.94,35285.67,35302.63,0.74310626,26233.60535
1642993440,1/24/2022 3:04,BTC/USD,35290.33,35298.73,35290.33,35298.73,0.00464,163.7861072
1642993380,1/24/2022 3:03,BTC/USD,35250.02,35260.38,35239.32,35260.38,0.20155,7106.729589
1642993320,1/24/2022 3:02,BTC/USD,35259.43,35259.43,35235.32,35237.61,0.0027,95.141547
1642993260,1/24/2022 3:01,BTC/USD,35204.27,35266.33,35204.27,35261.23,0.49728281,17534.80354
1642993200,1/24/2022 3:00,BTC/USD,35192.81,35225.52,35192.81,35225.52,0.01,352.2552
1642993140,1/24/2022 2:59,BTC/USD,35225.72,35225.72,35225.72,35225.72,0.00466,164.1518552
1642993080,1/24/2022 2:58,BTC/USD,35234.48,35239.01,35186.59,35205.39,4.16929736,146781.7396
1642993020,1/24/2022 2:57,BTC/USD,35261.79,35261.79,35239.68,35239.68,4.27986748,150821.1604
1642992960,1/24/2022 2:56,BTC/USD,35271.68,35271.68,35259.96,35259.96,4.2984584,151563.4712
1642992900,1/24/2022 2:55,BTC/USD,35310.74,35310.74,35310.58,35310.58,0.00542,191.3833436
1642992840,1/24/2022 2:54,BTC/USD,35344.33,35344.33,35281.97,35323.36,4.84225949,171044.8752
1642992780,1/24/2022 2:53,BTC/USD,35320.61,35331.44,35310.78,35331.44,0.71726951,25342.16466
1642992720,1/24/2022 2:52,BTC/USD,35331.23,35331.23,35306.99,35306.99,0.63749004,22507.85447
1642992660,1/24/2022 2:51,BTC/USD,35370.42,35380.45,35300.34,35300.34,4.65509288,164326.3614
1642992600,1/24/2022 2:50,BTC/USD,35392.49,35399.09,35370.85,35370.85,2.9797,105394.5217
1642992540,1/24/2022 2:49,BTC/USD,35390.25,35390.25,35390.25,35390.25,0.00171,60.5173275
1642992480,1/24/2022 2:48,BTC/USD,35428.94,35450.31,35366.05,35401.45,2.8970152,102558.5388
1642992420,1/24/2022 2:47,BTC/USD,35459.97,35494.17,35459.97,35494.17,0.0115,408.182955
1642992360,1/24/2022 2:46,BTC/USD,35450,35494.17,35450,35474.83,5.57262244,197687.8337
1642992300,1/24/2022 2:45,BTC/USD,35418.85,35418.85,35387.7,35387.7,0.05613095,1986.345219
1642992240,1/24/2022 2:44,BTC/USD,35419.31,35427.86,35379.21,35427.34,1.79415194,63562.03079
1642992180,1/24/2022 2:43,BTC/USD,35502.9,35513.17,35361.95,35385.59,17.61194555,623209.0843
1642992120,1/24/2022 2:42,BTC/USD,35559.18,35561.08,35507.19,35531.38,6.60610433,234724.0033
1642992060,1/24/2022 2:41,BTC/USD,35555.55,35562.78,35547.99,35559.18,13.7927505,490458.8977
1642992000,1/24/2022 2:40,BTC/USD,35537.88,35548.81,35494.17,35548.81,5.89589093,209591.9065
1642991940,1/24/2022 2:39,BTC/USD,35537.76,35552.28,35516.3,35537.88,6.3731884,226489.6046
1642991880,1/24/2022 2:38,BTC/USD,35544.18,35561.11,35544.09,35544.09,9.73606394,346059.5329
1642991820,1/24/2022 2:37,BTC/USD,35545.48,35560.68,35536.76,35557.48,11.07760279,393891.6397
1642991760,1/24/2022 2:36,BTC/USD,35560.48,35575.19,35542.55,35561.88,4.10915811,146129.3876
1642991700,1/24/2022 2:35,BTC/USD,35590,35610.29,35556.48,35556.48,1.66333765,59142.43189
1642991640,1/24/2022 2:34,BTC/USD,35624.08,35624.08,35605.02,35606.59,0.00629761,224.2364172
1642991580,1/24/2022 2:33,BTC/USD,35608.4,35608.4,35608.4,35608.4,0.2661,9475.39524
1642991520,1/24/2022 2:32,BTC/USD,35650.78,35650.78,35626.39,35626.39,0.13568,4833.788595
1642991460,1/24/2022 2:31,BTC/USD,35633.54,35664.21,35633.54,35664.21,0.04728163,1686.261981
1642991400,1/24/2022 2:30,BTC/USD,35608.78,35643.77,35608.78,35643.77,0.08826,3145.91914
1642991340,1/24/2022 2:29,BTC/USD,35616.31,35616.31,35605.06,35605.06,0.01487853,529.7509534
1642991280,1/24/2022 2:28,BTC/USD,35621.19,35621.19,35621.19,35621.19,0.1557,5546.219283
1642991220,1/24/2022 2:27,BTC/USD,35608.99,35629.69,35608.99,35629.69,0.25492861,9083.027346
1642991160,1/24/2022 2:26,BTC/USD,35604.49,35620.22,35594.98,35595,1.7153161,61056.67658
1642991100,1/24/2022 2:25,BTC/USD,35606.48,35614.49,35603.06,35614.49,0.05920426,2108.529526
1642991040,1/24/2022 2:24,BTC/USD,35612.63,35612.63,35570.72,35604.69,2.15005098,76551.89863
1642990980,1/24/2022 2:23,BTC/USD,35613.86,35616.6,35583.89,35616.6,0.36897122,13141.50035
1642990920,1/24/2022 2:22,BTC/USD,35623.31,35635.81,35605.93,35618.71,0.31783622,11320.91615
1642990860,1/24/2022 2:21,BTC/USD,35579.4,35613.87,35579.4,35605.94,2.31008305,82252.67847
1642990800,1/24/2022 2:20,BTC/USD,35611.85,35627.83,35605.01,35608.58,0.3206772,11418.85973
1642990740,1/24/2022 2:19,BTC/USD,35629.66,35633.95,35620.52,35620.59,0.09867,3514.683615
1642990680,1/24/2022 2:18,BTC/USD,35601.9,35612.3,35582.3,35612.3,0.06495194,2313.087973
1642990620,1/24/2022 2:17,BTC/USD,35669.7,35669.7,35669.7,35669.7,0,0
1642990560,1/24/2022 2:16,BTC/USD,35663.83,35676.86,35663.83,35669.7,0.07637044,2724.110684
1642990500,1/24/2022 2:15,BTC/USD,35648.9,35683.02,35634.72,35683.02,1.10774935,39527.84221
1642990440,1/24/2022 2:14,BTC/USD,35647.3,35647.3,35647.3,35647.3,0.00241,85.909993
1642990380,1/24/2022 2:13,BTC/USD,35644.87,35644.87,35644.87,35644.87,0.0035113,125.159832
1642990320,1/24/2022 2:12,BTC/USD,35644.9,35655.8,35644.9,35655.8,0.25177,8977.060766
1642990260,1/24/2022 2:11,BTC/USD,35662.1,35662.1,35638.5,35638.5,0.02359,840.712215
1642990200,1/24/2022 2:10,BTC/USD,35627.27,35689.77,35627.27,35661.4,7.4571583,265932.705
1642990140,1/24/2022 2:09,BTC/USD,35631.49,35631.49,35626.28,35626.28,0.00379,135.0236012
1642990080,1/24/2022 2:08,BTC/USD,35622.96,35631.6,35622.96,35631.6,0.03396,1210.049136
1642990020,1/24/2022 2:07,BTC/USD,35632.27,35632.27,35600.94,35605.56,0.05334206,1899.273918
1642989960,1/24/2022 2:06,BTC/USD,35648.98,35648.98,35648.98,35648.98,0.00529,188.5831042
1642989900,1/24/2022 2:05,BTC/USD,35622.1,35640.89,35601,35640.89,0.04021723,1433.377871
1642989840,1/24/2022 2:04,BTC/USD,35726,35726.8,35628.86,35644.17,6.63798137,236605.3364
1642989780,1/24/2022 2:03,BTC/USD,35695.09,35739.67,35695.09,35734.61,1.08683116,38837.48764
1642989720,1/24/2022 2:02,BTC/USD,35728.28,35739.89,35701.32,35701.32,1.16795459,41697.52056
1642989660,1/24/2022 2:01,BTC/USD,35704.02,35742.09,35688.02,35742.09,0.86302666,30846.37655
1642989600,1/24/2022 2:00,BTC/USD,35682,35704.1,35677.69,35690.66,6.17039979,220225.641
1642989540,1/24/2022 1:59,BTC/USD,35681.61,35681.61,35681.61,35681.61,0.00256,91.3449216
1642989480,1/24/2022 1:58,BTC/USD,35663.12,35675,35659.81,35665.4,1.33256733,47526.54685
1642989420,1/24/2022 1:57,BTC/USD,35661.9,35662.91,35643.56,35662.91,0.17851,6366.186064
1642989360,1/24/2022 1:56,BTC/USD,35666.4,35676.3,35649.7,35649.7,0.22191984,7911.37572
1642989300,1/24/2022 1:55,BTC/USD,35643.27,35685.43,35643.27,35659.1,3.64240849,129885.0086
1642989240,1/24/2022 1:54,BTC/USD,35645.86,35685.09,35642.7,35642.7,1.86812564,66585.04175
1642989180,1/24/2022 1:53,BTC/USD,35684.05,35684.05,35622.1,35622.1,3.04973744,108638.0521
1642989120,1/24/2022 1:52,BTC/USD,35728.61,35728.61,35694.45,35697.2,0.01649,588.646828
1642989060,1/24/2022 1:51,BTC/USD,35687.36,35735.47,35684.19,35728.61,0.6078841,21718.85393
1642989000,1/24/2022 1:50,BTC/USD,35703.74,35706.56,35679.79,35705.34,0.2221477,7931.859159
1642988940,1/24/2022 1:49,BTC/USD,35742.02,35742.02,35730.91,35730.91,0.00549,196.1626959
1642988880,1/24/2022 1:48,BTC/USD,35727.91,35744.82,35722.34,35722.34,0.20353,7270.56786
1642988820,1/24/2022 1:47,BTC/USD,35735.72,35747.68,35712.64,35742.92,0.30016,10728.59487
1642988760,1/24/2022 1:46,BTC/USD,35722.21,35722.21,35717.7,35717.7,0.38803959,13859.88166
1642988700,1/24/2022 1:45,BTC/USD,35695.47,35742.15,35695.47,35721.81,0.12561,4487.016554
1642988640,1/24/2022 1:44,BTC/USD,35705.17,35707.01,35704.31,35704.31,0.10947,3908.550816
1642988580,1/24/2022 1:43,BTC/USD,35740.12,35740.12,35707.77,35707.77,0.09894,3532.926764
1642988520,1/24/2022 1:42,BTC/USD,35736.82,35736.82,35723.23,35723.23,0.0070618,252.2703056
1642988460,1/24/2022 1:41,BTC/USD,35728.81,35737.16,35728.81,35737.16,0.2457416,8782.106878
1642988400,1/24/2022 1:40,BTC/USD,35772.42,35791.67,35726.61,35732.26,5.22554464,186720.5197
1642988340,1/24/2022 1:39,BTC/USD,35760.25,35760.25,35728.52,35728.52,0.03338,1192.617998
1642988280,1/24/2022 1:38,BTC/USD,35745.19,35760.6,35745.19,35760.6,0.00265,94.76559
1642988220,1/24/2022 1:37,BTC/USD,35775.92,35775.92,35722.61,35762.57,0.210024,7510.998002
1642988160,1/24/2022 1:36,BTC/USD,35786.22,35789.31,35786.21,35789.31,0.0389,1392.204159
1642988100,1/24/2022 1:35,BTC/USD,35795.37,35803.63,35795.37,35796.33,0.058762,2103.463943
1642988040,1/24/2022 1:34,BTC/USD,35772.26,35795.39,35769.29,35795.39,0.085755,3069.633669
1642987980,1/24/2022 1:33,BTC/USD,35765.19,35778.72,35755.35,35756.47,0.217636,7781.895105
1642987920,1/24/2022 1:32,BTC/USD,35741.7,35748.05,35741.7,35748.05,0.27131788,9699.08514
1642987860,1/24/2022 1:31,BTC/USD,35676.55,35758.52,35664.85,35758.52,3.53163741,126286.127
1642987800,1/24/2022 1:30,BTC/USD,35820.78,35825.82,35701,35701,7.39486922,264004.226
1642987740,1/24/2022 1:29,BTC/USD,35853.68,35853.68,35838.02,35838.02,0.01916,686.6564632
1642987680,1/24/2022 1:28,BTC/USD,35892.84,35892.84,35835.13,35835.13,0.98251153,35208.4284
1642987620,1/24/2022 1:27,BTC/USD,35869.3,35898.87,35859.2,35898.87,0.95848742,34408.61529
1642987560,1/24/2022 1:26,BTC/USD,35915.1,35915.1,35879.35,35879.35,1.4583,52322.85611
1642987500,1/24/2022 1:25,BTC/USD,35935.85,35962.08,35935.85,35962.08,0.10377,3731.785042
1642987440,1/24/2022 1:24,BTC/USD,35912.68,35957.56,35898.55,35957.56,7.29460254,262296.1085
1642987380,1/24/2022 1:23,BTC/USD,35938.95,35938.95,35938.95,35938.95,0,0
1642987320,1/24/2022 1:22,BTC/USD,35973.5,35973.5,35931.99,35938.95,0.19458023,6993.009157
1642987260,1/24/2022 1:21,BTC/USD,35983.38,35983.38,35970.75,35970.75,0.12867,4628.356403
1642987200,1/24/2022 1:20,BTC/USD,36004.03,36006.16,35986.71,35989.09,0.30169545,10857.7447
1642987140,1/24/2022 1:19,BTC/USD,36038.67,36069.99,36018.15,36018.15,3.25799361,117346.9025
1642987080,1/24/2022 1:18,BTC/USD,35980.54,36026.17,35980.54,36026.17,0.60049067,21633.37896
1642987020,1/24/2022 1:17,BTC/USD,35944.71,35968.57,35944.71,35968.57,1.29468541,46567.9828
1642986960,1/24/2022 1:16,BTC/USD,35947.45,35952.96,35947.45,35952.96,0.00283,101.7468768
1642986900,1/24/2022 1:15,BTC/USD,35963.96,35983.75,35963.96,35979.48,0.05652629,2033.786521
1642986840,1/24/2022 1:14,BTC/USD,35943.87,35943.87,35924.87,35937.75,0.10139518,3643.91463
1642986780,1/24/2022 1:13,BTC/USD,35920.24,35934.65,35907.05,35934.65,0.88998394,31981.26139
1642986720,1/24/2022 1:12,BTC/USD,35979.56,36004.63,35956.67,35970.08,3.94392737,141863.383
1642986660,1/24/2022 1:11,BTC/USD,35947.55,35968.43,35938.93,35968.43,1.14414,41152.9195
1642986600,1/24/2022 1:10,BTC/USD,35989.56,35989.56,35954.56,35961.01,0.35223038,12666.56022
1642986540,1/24/2022 1:09,BTC/USD,35981.36,36033.49,35981.36,35989.56,8.92277912,321126.8945
1642986480,1/24/2022 1:08,BTC/USD,35983.52,35983.52,35958.25,35958.25,0.08155,2932.395288
1642986420,1/24/2022 1:07,BTC/USD,35974.66,35976.36,35974.66,35976.36,0.00866,311.5552776
1642986360,1/24/2022 1:06,BTC/USD,35964.05,35964.96,35961.46,35964.96,0.11248014,4045.343736
1642986300,1/24/2022 1:05,BTC/USD,35964.62,36000,35964.62,35976.26,1.52377393,54819.68709
1642986240,1/24/2022 1:04,BTC/USD,35958.76,35964.46,35953.06,35964.46,0.54039366,19434.96617
1642986180,1/24/2022 1:03,BTC/USD,35941.06,35941.06,35938.84,35938.84,0.19941699,7166.815297
1642986120,1/24/2022 1:02,BTC/USD,35922.01,35946.82,35915.88,35946.82,0.1154,4148.263028
1642986060,1/24/2022 1:01,BTC/USD,35938.87,35938.87,35938.87,35938.87,0.01051,377.7175237
1642986000,1/24/2022 1:00,BTC/USD,35889.26,35893.1,35889.26,35890.45,0.57285038,20559.85792
1642985940,1/24/2022 0:59,BTC/USD,35883.63,35883.63,35854.77,35854.77,0.17307,6205.385044
1642985880,1/24/2022 0:58,BTC/USD,35915.72,35919.05,35879.76,35889.04,0.614105,22039.63891
1642985820,1/24/2022 0:57,BTC/USD,35940,35945.75,35915.72,35915.72,0.6944901,24943.11197
1642985760,1/24/2022 0:56,BTC/USD,35961.36,35964.16,35961.36,35964.16,0.07184,2583.665254
1642985700,1/24/2022 0:55,BTC/USD,35976.86,35976.86,35940.25,35942.14,0.55254882,19859.78705
1642985640,1/24/2022 0:54,BTC/USD,35957.76,35968.69,35954.2,35954.2,1.8780901,67525.22707
1642985580,1/24/2022 0:53,BTC/USD,35957.83,35971.89,35953.4,35953.4,0.19258,6923.905772
1642985520,1/24/2022 0:52,BTC/USD,35936.64,35938.55,35925.49,35925.49,0.62299566,22381.42435
1642985460,1/24/2022 0:51,BTC/USD,35941.45,35948.18,35937.35,35937.46,0.22121229,7949.807823
1642985400,1/24/2022 0:50,BTC/USD,35896.34,35934.83,35896.34,35929.25,0.26826,9638.380605
1642985340,1/24/2022 0:49,BTC/USD,35901.91,35901.91,35880.04,35880.04,0.05106341,1832.157193
1642985280,1/24/2022 0:48,BTC/USD,35921.95,35921.95,35895.85,35905.55,0.09304818,3340.946079
1642985220,1/24/2022 0:47,BTC/USD,35898.95,35907,35890.53,35903.75,0.01969,706.9448375
1642985160,1/24/2022 0:46,BTC/USD,35875.1,35882.94,35868.3,35882.94,0.19783016,7098.727761
1642985100,1/24/2022 0:45,BTC/USD,35818.95,35855.19,35818.95,35855.19,0.07831614,2808.04008
1642985040,1/24/2022 0:44,BTC/USD,35846.43,35846.43,35804.26,35804.26,0.05572,1995.013367
1642984980,1/24/2022 0:43,BTC/USD,35849.95,35849.95,35825.92,35825.92,0.20177445,7228.755304
1642984920,1/24/2022 0:42,BTC/USD,35860.84,35860.84,35840.57,35859.94,0.60373,21649.72158
1642984860,1/24/2022 0:41,BTC/USD,35845.7,35852.85,35825.87,35847.47,0.10324076,3700.920047
1642984800,1/24/2022 0:40,BTC/USD,35855.17,35864.82,35845.7,35845.7,1.27501287,45703.72883
1642984740,1/24/2022 0:39,BTC/USD,35850.65,35850.65,35850.65,35850.65,0.04965,1779.984773
1642984680,1/24/2022 0:38,BTC/USD,35902.07,35910.1,35849.05,35849.05,3.03363483,108752.9267
1642984620,1/24/2022 0:37,BTC/USD,35819.16,35852.31,35819.16,35845.49,0.16821388,6029.708953
1642984560,1/24/2022 0:36,BTC/USD,35858.99,35858.99,35822.06,35822.06,0.0071137,254.8273882
1642984500,1/24/2022 0:35,BTC/USD,35879.61,35887.04,35840.8,35860.05,0.06380633,2288.098184
1642984440,1/24/2022 0:34,BTC/USD,35902.96,35902.99,35897.32,35902.99,0.01939,696.1589761
1642984380,1/24/2022 0:33,BTC/USD,35869.11,35932.37,35869.11,35911.58,0.46039518,16533.51834
1642984320,1/24/2022 0:32,BTC/USD,35810.63,35875.33,35810.63,35867.88,1.14686213,41135.51326
1642984260,1/24/2022 0:31,BTC/USD,35775.04,35813.43,35775.04,35813.43,0.18914851,6774.056922
1642984200,1/24/2022 0:30,BTC/USD,35852.79,35852.79,35793.39,35793.39,3.74875142,134180.5216
1642984140,1/24/2022 0:29,BTC/USD,35813.58,35857.6,35813.4,35857.6,0.10796144,3871.238131
1642984080,1/24/2022 0:28,BTC/USD,35850,35878.4,35834.39,35842,2.27896359,81682.61299
1642984020,1/24/2022 0:27,BTC/USD,35867.4,35922.13,35850,35922.13,4.47342264,160694.8696
1642983960,1/24/2022 0:26,BTC/USD,35876.23,35886.53,35850,35850,2.00783,71980.7055
1642983900,1/24/2022 0:25,BTC/USD,35836.35,35876.11,35818.53,35876.11,3.58977146,128787.0358
1642983840,1/24/2022 0:24,BTC/USD,35885.01,35885.01,35836.39,35836.39,1.99590013,71525.85546
1642983780,1/24/2022 0:23,BTC/USD,35874.91,35904.18,35863.24,35871.37,3.82873656,137342.0258
